Slovni_nazev_kategie,kategorie,prumerna_cena
Игровые консоли - PS4,12,22889.299108370662
Игровые консоли - XBOX ONE,16,18682.56100468793
Игровые консоли - PS3,11,12686.74201778796
Игровые консоли - XBOX 360,15,12024.564613317336
Игровые консоли - PSVita,14,9263.114423335557
Игровые консоли - PSP,13,4572.157098591541
Программы - MAC (Цифра),74,3403.5714285714284
Музыка - Подарочные издания,60,3319.4875081967207
Игры - PS4,20,2791.7798200611965
Аксессуары - XBOX ONE,7,2713.5522953420004
